{"ta_runs": 1686, "wallclock_time_used": 3594.165981054306, "ta_time_used": 2325.1724967956543, "inc_changed": 1, "_n_configs_per_intensify": 1684, "_n_calls_of_intensify": 686, "_ema_n_configs_per_intensifiy": 3.228640659346111, "_EMA_ALPHA": 0.2}